﻿<?xml version="1.0" encoding="UTF-8"?>
<gmd:MD_Metadata xmlns:gmd="http://www.isotc211.org/2005/gmd"
                 xmlns:srv="http://www.isotc211.org/2005/srv"
                 xmlns:gco="http://www.isotc211.org/2005/gco"
                 xmlns:xlink="http://www.w3.org/1999/xlink"
                 xmlns:gfc="http://www.isotc211.org/2005/gfc"
                 xmlns:gmi="http://www.isotc211.org/2005/gmi"
                 xmlns:gsr="http://www.isotc211.org/2005/gsr"
                 xmlns:gss="http://www.isotc211.org/2005/gss"
                 xmlns:gts="http://www.isotc211.org/2005/gts"
                 xmlns:gml="http://www.opengis.net/gml/3.2"
                 xmlns:gmx="http://www.isotc211.org/2005/gmx"
                 xmlns="http://www.isotc211.org/2005/gmd"
                 xmlns:xsi="http://www.w3.org/2001/XMLSchema-instance"
                 xsi:schemaLocation="http://www.isotc211.org/2005/gmd http://nap.geogratis.gc.ca/metadata/tools/schemas/metadata/can-cgsb-171.100-2009-a/gmd/gmd.xsd http://www.isotc211.org/2005/srv http://nap.geogratis.gc.ca/metadata/tools/schemas/metadata/can-cgsb-171.100-2009-a/srv/srv.xsd http://www.geconnections.org/nap/napMetadataTools/napXsd/napm http://nap.geogratis.gc.ca/metadata/tools/schemas/metadata/can-cgsb-171.100-2009-a/napm/napm.xsd">
  <gmd:fileIdentifier>
      <gco:CharacterString>ef70dc3b-1069-4037-9bce-61f47e628a1d</gco:CharacterString>
  </gmd:fileIdentifier>
  <gmd:language>
      <gco:CharacterString>eng; CAN</gco:CharacterString>
  </gmd:language>
  <gmd:characterSet>
      <gmd:MD_CharacterSetCode xmlns=""
                               codeList="http://nap.geogratis.gc.ca/metadata/register/napMetadataRegister.xml#IC_95"
                               codeListValue="RI_458">utf8; utf8</gmd:MD_CharacterSetCode>
  </gmd:characterSet>
  <gmd:hierarchyLevel>
      <gmd:MD_ScopeCode xmlns=""
                        codeList="http://nap.geogratis.gc.ca/metadata/register/napMetadataRegister.xml#IC_108"
                        codeListValue="RI_631">service; service</gmd:MD_ScopeCode>
  </gmd:hierarchyLevel>
  <gmd:contact>
      <gmd:CI_ResponsibleParty>
         <gmd:organisationName xsi:type="gmd:PT_FreeText_PropertyType">
            <gco:CharacterString>Government of Canada; Statistics Canada</gco:CharacterString>
            <gmd:PT_FreeText>
               <gmd:textGroup>
                  <gmd:LocalisedCharacterString xmlns="" locale="#fra">Gouvernement du Canada; Statistique Canada</gmd:LocalisedCharacterString>
               </gmd:textGroup>
            </gmd:PT_FreeText>
         </gmd:organisationName>
         <gmd:positionName gco:nilReason="missing">
            <gco:CharacterString/>
         </gmd:positionName>
         <gmd:contactInfo>
            <gmd:CI_Contact>
               <gmd:phone>
                  <gmd:CI_Telephone>
                     <gmd:voice xsi:type="gmd:PT_FreeText_PropertyType">
                        <gco:CharacterString>1-800-263-1136</gco:CharacterString>
                        <gmd:PT_FreeText>
                           <gmd:textGroup>
                              <gmd:LocalisedCharacterString xmlns="" locale="#fra">1-800-263-1136</gmd:LocalisedCharacterString>
                           </gmd:textGroup>
                        </gmd:PT_FreeText>
                     </gmd:voice>
                     <gmd:facsimile>
                        <gco:CharacterString>1-514-283-9350</gco:CharacterString>
                     </gmd:facsimile>
                  </gmd:CI_Telephone>
               </gmd:phone>
               <gmd:address>
                  <gmd:CI_Address>
                     <gmd:deliveryPoint xsi:type="gmd:PT_FreeText_PropertyType">
                        <gco:CharacterString>150 Tunney's Pasture Driveway</gco:CharacterString>
                        <gmd:PT_FreeText>
                           <gmd:textGroup>
                              <gmd:LocalisedCharacterString xmlns="" locale="#fra">150, promenade Tunney's Pasture</gmd:LocalisedCharacterString>
                           </gmd:textGroup>
                        </gmd:PT_FreeText>
                     </gmd:deliveryPoint>
                     <gmd:city>
                        <gco:CharacterString>Ottawa</gco:CharacterString>
                     </gmd:city>
                     <gmd:administrativeArea xsi:type="gmd:PT_FreeText_PropertyType">
                        <gco:CharacterString>Ontario</gco:CharacterString>
                        <gmd:PT_FreeText>
                           <gmd:textGroup>
                              <gmd:LocalisedCharacterString xmlns="" locale="#fra">Ontario</gmd:LocalisedCharacterString>
                           </gmd:textGroup>
                        </gmd:PT_FreeText>
                     </gmd:administrativeArea>
                     <gmd:postalCode>
                        <gco:CharacterString>K1A 0T6</gco:CharacterString>
                     </gmd:postalCode>
                     <gmd:country xsi:type="gmd:PT_FreeText_PropertyType">
                        <gco:CharacterString>Canada</gco:CharacterString>
                        <gmd:PT_FreeText>
                           <gmd:textGroup>
                              <gmd:LocalisedCharacterString xmlns="" locale="#fra">Canada</gmd:LocalisedCharacterString>
                           </gmd:textGroup>
                        </gmd:PT_FreeText>
                     </gmd:country>
                     <gmd:electronicMailAddress xsi:type="gmd:PT_FreeText_PropertyType">
                        <gco:CharacterString>infostats@statcan.gc.ca</gco:CharacterString>
                        <gmd:PT_FreeText>
                           <gmd:textGroup>
                              <gmd:LocalisedCharacterString xmlns="" locale="#fra">infostats@statcan.gc.ca</gmd:LocalisedCharacterString>
                           </gmd:textGroup>
                        </gmd:PT_FreeText>
                     </gmd:electronicMailAddress>
                  </gmd:CI_Address>
               </gmd:address>
               <gmd:onlineResource>
                  <gmd:CI_OnlineResource>
                     <gmd:linkage>
                        <gmd:URL>http://www.statcan.gc.ca/</gmd:URL>
                     </gmd:linkage>
                     <gmd:protocol gco:nilReason="missing">
                        <gco:CharacterString/>
                     </gmd:protocol>
                     <gmd:name gco:nilReason="missing">
                        <gco:CharacterString/>
                     </gmd:name>
                     <gmd:description gco:nilReason="missing">
                        <gco:CharacterString/>
                     </gmd:description>
                  </gmd:CI_OnlineResource>
               </gmd:onlineResource>
               <gmd:hoursOfService xsi:type="gmd:PT_FreeText_PropertyType">
                  <gco:CharacterString>Monday to Friday (except holidays) from 8:30 am to 4:30 pm</gco:CharacterString>
                  <gmd:PT_FreeText>
                     <gmd:textGroup>
                        <gmd:LocalisedCharacterString xmlns="" locale="#fra">Lundi au vendredi (sauf les jours fériés) de 8 h 30 à 16 h 30</gmd:LocalisedCharacterString>
                     </gmd:textGroup>
                  </gmd:PT_FreeText>
               </gmd:hoursOfService>
            </gmd:CI_Contact>
         </gmd:contactInfo>
         <gmd:role>
            <gmd:CI_RoleCode xmlns=""
                             codeList="http://nap.geogratis.gc.ca/metadata/register/napMetadataRegister.xml#IC_90"
                             codeListValue="RI_414">pointOfContact; contact</gmd:CI_RoleCode>
         </gmd:role>
      </gmd:CI_ResponsibleParty>
  </gmd:contact>
  <gmd:dateStamp>
      <gco:DateTime>2022-04-05T18:42:34</gco:DateTime>
  </gmd:dateStamp>
  <gmd:metadataStandardName xsi:type="gmd:PT_FreeText_PropertyType">
      <gco:CharacterString>North American Profile of ISO 19115:2003 - Geographic information - Metadata</gco:CharacterString>
      <gmd:PT_FreeText>
         <gmd:textGroup>
            <gmd:LocalisedCharacterString xmlns="" locale="#fra">Profil nord-américain de la norme ISO 19115:2003 - Information géographique - Métadonnées</gmd:LocalisedCharacterString>
         </gmd:textGroup>
      </gmd:PT_FreeText>
  </gmd:metadataStandardName>
  <gmd:metadataStandardVersion>
      <gco:CharacterString>CAN/CGSB-171.100-2009</gco:CharacterString>
  </gmd:metadataStandardVersion>
  <gmd:locale>
      <gmd:PT_Locale xmlns="" id="fra">
         <gmd:languageCode>
            <gmd:LanguageCode codeList="http://nap.geogratis.gc.ca/metadata/register/napMetadataRegister.xml#IC_116"
                              codeListValue="fra">French; Français</gmd:LanguageCode>
         </gmd:languageCode>
         <gmd:country>
            <gmd:Country codeList="http://nap.geogratis.gc.ca/metadata/register/napMetadataRegister.xml#IC_117"
                         codeListValue="CAN">Canada; Canada</gmd:Country>
         </gmd:country>
         <gmd:characterEncoding>
            <gmd:MD_CharacterSetCode codeList="http://nap.geogratis.gc.ca/metadata/register/napMetadataRegister.xml#IC_95"
                                     codeListValue="RI_458">utf8; utf8</gmd:MD_CharacterSetCode>
         </gmd:characterEncoding>
      </gmd:PT_Locale>
  </gmd:locale>
  <gmd:referenceSystemInfo>
      <gmd:MD_ReferenceSystem>
         <gmd:referenceSystemIdentifier>
            <gmd:RS_Identifier>
               <gmd:code>
                  <gco:CharacterString>EPSG:3347</gco:CharacterString>
               </gmd:code>
            </gmd:RS_Identifier>
         </gmd:referenceSystemIdentifier>
      </gmd:MD_ReferenceSystem>
  </gmd:referenceSystemInfo>
  <gmd:identificationInfo>
      <gmd:MD_DataIdentification>
         <gmd:citation>
            <gmd:CI_Citation>
               <gmd:title xsi:type="gmd:PT_FreeText_PropertyType">
                  <gco:CharacterString>2021 Census - Boundary files</gco:CharacterString>
                  <gmd:PT_FreeText>
                     <gmd:textGroup>
                        <gmd:LocalisedCharacterString xmlns="" locale="#fra">Recensement de 2021 - Fichiers des limites</gmd:LocalisedCharacterString>
                     </gmd:textGroup>
                  </gmd:PT_FreeText>
               </gmd:title>
               <gmd:date>
                  <gmd:CI_Date>
                     <gmd:date>
                        <gco:Date>2021-01</gco:Date>
                     </gmd:date>
                     <gmd:dateType>
                        <gmd:CI_DateTypeCode xmlns=""
                                             codeList="http://nap.geogratis.gc.ca/metadata/register/napMetadataRegister.xml#IC_87"
                                             codeListValue="RI_366">creation; création</gmd:CI_DateTypeCode>
                     </gmd:dateType>
                  </gmd:CI_Date>
               </gmd:date>
               <gmd:date>
                  <gmd:CI_Date>
                     <gmd:date>
                        <gco:Date>2022-02</gco:Date>
                     </gmd:date>
                     <gmd:dateType>
                        <gmd:CI_DateTypeCode xmlns=""
                                             codeList="http://nap.geogratis.gc.ca/metadata/register/napMetadataRegister.xml#IC_87"
                                             codeListValue="RI_367">publication; publication</gmd:CI_DateTypeCode>
                     </gmd:dateType>
                  </gmd:CI_Date>
               </gmd:date>
               <gmd:citedResponsibleParty>
                  <gmd:CI_ResponsibleParty>
                     <gmd:individualName gco:nilReason="missing">
                        <gco:CharacterString/>
                     </gmd:individualName>
                     <gmd:organisationName xsi:type="gmd:PT_FreeText_PropertyType">
                        <gco:CharacterString>Government of Canada; Statistics Canada</gco:CharacterString>
                        <gmd:PT_FreeText>
                           <gmd:textGroup>
                              <gmd:LocalisedCharacterString xmlns="" locale="#fra">Gouvernement du Canada; Statistique Canada</gmd:LocalisedCharacterString>
                           </gmd:textGroup>
                        </gmd:PT_FreeText>
                     </gmd:organisationName>
                     <gmd:positionName gco:nilReason="missing">
                        <gco:CharacterString/>
                     </gmd:positionName>
                     <gmd:contactInfo>
                        <gmd:CI_Contact>
                           <gmd:phone>
                              <gmd:CI_Telephone>
                                 <gmd:voice xsi:type="gmd:PT_FreeText_PropertyType">
                                    <gco:CharacterString>1-800-263-1136</gco:CharacterString>
                                    <gmd:PT_FreeText>
                                       <gmd:textGroup>
                                          <gmd:LocalisedCharacterString xmlns="" locale="#fra">1-800-263-1136</gmd:LocalisedCharacterString>
                                       </gmd:textGroup>
                                    </gmd:PT_FreeText>
                                 </gmd:voice>
                                 <gmd:facsimile>
                                    <gco:CharacterString>1-514-283-9350</gco:CharacterString>
                                 </gmd:facsimile>
                              </gmd:CI_Telephone>
                           </gmd:phone>
                           <gmd:address>
                              <gmd:CI_Address>
                                 <gmd:deliveryPoint xsi:type="gmd:PT_FreeText_PropertyType">
                                    <gco:CharacterString>150 Tunney's Pasture Driveway</gco:CharacterString>
                                    <gmd:PT_FreeText>
                                       <gmd:textGroup>
                                          <gmd:LocalisedCharacterString xmlns="" locale="#fra">150, promenade Tunney's Pasture</gmd:LocalisedCharacterString>
                                       </gmd:textGroup>
                                    </gmd:PT_FreeText>
                                 </gmd:deliveryPoint>
                                 <gmd:city>
                                    <gco:CharacterString>Ottawa</gco:CharacterString>
                                 </gmd:city>
                                 <gmd:administrativeArea xsi:type="gmd:PT_FreeText_PropertyType">
                                    <gco:CharacterString>Ontario</gco:CharacterString>
                                    <gmd:PT_FreeText>
                                       <gmd:textGroup>
                                          <gmd:LocalisedCharacterString xmlns="" locale="#fra">Ontario</gmd:LocalisedCharacterString>
                                       </gmd:textGroup>
                                    </gmd:PT_FreeText>
                                 </gmd:administrativeArea>
                                 <gmd:postalCode>
                                    <gco:CharacterString>K1A 0T6</gco:CharacterString>
                                 </gmd:postalCode>
                                 <gmd:country gco:nilReason="missing">
                                    <gco:CharacterString/>
                                 </gmd:country>
                                 <gmd:electronicMailAddress xsi:type="gmd:PT_FreeText_PropertyType">
                                    <gco:CharacterString>infostats@statcan.gc.ca</gco:CharacterString>
                                    <gmd:PT_FreeText>
                                       <gmd:textGroup>
                                          <gmd:LocalisedCharacterString xmlns="" locale="#fra">infostats@statcan.gc.ca</gmd:LocalisedCharacterString>
                                       </gmd:textGroup>
                                    </gmd:PT_FreeText>
                                 </gmd:electronicMailAddress>
                              </gmd:CI_Address>
                           </gmd:address>
                           <gmd:onlineResource>
                              <gmd:CI_OnlineResource>
                                 <gmd:linkage>
                                    <gmd:URL>http://www.statcan.gc.ca/</gmd:URL>
                                 </gmd:linkage>
                                 <gmd:protocol gco:nilReason="missing">
                                    <gco:CharacterString/>
                                 </gmd:protocol>
                                 <gmd:name gco:nilReason="missing">
                                    <gco:CharacterString/>
                                 </gmd:name>
                                 <gmd:description gco:nilReason="missing">
                                    <gco:CharacterString/>
                                 </gmd:description>
                              </gmd:CI_OnlineResource>
                           </gmd:onlineResource>
                           <gmd:hoursOfService xsi:type="gmd:PT_FreeText_PropertyType">
                              <gco:CharacterString>Monday to Friday (except holidays) from 8:30 am to 4:30 pm</gco:CharacterString>
                              <gmd:PT_FreeText>
                                 <gmd:textGroup>
                                    <gmd:LocalisedCharacterString xmlns="" locale="#fra">Lundi au vendredi (sauf les jours fériés) de 8 h 30 à 16 h 30</gmd:LocalisedCharacterString>
                                 </gmd:textGroup>
                              </gmd:PT_FreeText>
                           </gmd:hoursOfService>
                        </gmd:CI_Contact>
                     </gmd:contactInfo>
                     <gmd:role>
                        <gmd:CI_RoleCode xmlns=""
                                         codeList="http://nap.geogratis.gc.ca/metadata/register/napMetadataRegister.xml#IC_90"
                                         codeListValue="RI_413">originator; auteur</gmd:CI_RoleCode>
                     </gmd:role>
                  </gmd:CI_ResponsibleParty>
               </gmd:citedResponsibleParty>
            </gmd:CI_Citation>
         </gmd:citation>
         <gmd:abstract xsi:type="gmd:PT_FreeText_PropertyType">
            <gco:CharacterString>The 2021 Census Boundary Files depict the boundaries of all standard geographic areas established for the purpose of disseminating census data. 

They contain information such as unique identifier (UID), name and type where applicable, as well as land area and province or territory unique identifier (PRUID). Each boundary file can be linked to all higher level geographic areas using its DGUID and the new 2021 Dissemination Geographies Relationship File.

They are available for download or viewing in two types: cartographic and digital. Both cartographic and digital boundary files are portrayed in Lambert conformal conic projection (North American Datum of 1983 [NAD83]).

The purpose of the 2021 Census Boundary Files is to provide a framework for mapping and spatial analysis, and to support Geographic Information System (GIS) applications used for land use and demographic studies, or social, economic and market research. Geographic unique identifiers permit linkage of statistical data to geographic areas depicted in the boundary files. Boundary files can also be used to create new geographic areas by combining standard geographic areas.

The boundary files are positionally consistent with the 2021 Road Network File, which provides additional reference for geographic context for mapping applications.

Each 2021 Census Boundary File contains the UID, DGUID, name and type where applicable, and land area of the geographic level the file represents. It also contains the PRUID. A 2021 Census Boundary File is available for each of the following geographic areas:
•	Provinces and territories (PRs)
•	Census divisions (CDs)
•	Federal electoral districts (2013 Representation Order) (FEDs)
•	Census subdivisions (CSDs)
•	Designated places (DPLs)
•	Economic regions (ERs)
•	Census agricultural regions (CARs)
•	Census consolidated subdivisions (CCSs)
•	Census metropolitan areas and census agglomerations (CMA/CAs)
•	Census tracts (CTs)
•	Population centres (POPCTRs)
•	Dissemination areas (DAs)
•	Dissemination blocks (DBs)
•	Aggregate dissemination areas (ADAs)
•	Agricultural Ecumene 
•	Census Forward Sortation Areas© (CFSAs©)
•	Population Ecumene</gco:CharacterString>
            <gmd:PT_FreeText>
               <gmd:textGroup>
                  <gmd:LocalisedCharacterString xmlns="" locale="#fra">Les Fichiers des limites du Recensement de 2021 illustrent les limites des régions géographiques normalisées établies aux fins de la diffusion des données du recensement.

Ils contiennent des renseignements tels que l'identificateur unique (IDU), le nom et le genre le cas échéant, ainsi que la superficie des terres et l'identificateur unique de la province ou du territoire (PRIDU). Chaque fichier des limites peut être relié à toutes les régions géographiques de niveau supérieur à l'aide de son IDUGD et du nouveau Fichier de relations des géographies de diffusion 2021.

Ils peuvent être téléchargés ou visualisés dans deux types de fichiers : cartographique et numérique. Les fichiers des limites cartographiques et numériques sont représentés en projection conique conforme de Lambert (Système géodésique nord-américain de 1983 [NAD83]).

L’objectif des Fichiers des limites du Recensement de 2021 est d’offrir un cadre servant à la cartographie et à l’analyse spatiale, et d'appuyer les applications de Système d'information géographique (SIG) utilisées pour effectuer des études de l'utilisation du sol, des études démographiques, des recherches sociales et économiques ou encore des études de marché. Les identificateurs géographiques établissent un lien entre les données statistiques et les régions géographiques illustrées dans les fichiers des limites. 

Les fichiers des limites permettent également de créer de nouvelles régions géographiques en groupant des régions géographiques normalisées.

Chaque fichier des limites comprend l'IDU, l’IDUGD, le nom et le genre le cas échéant, ainsi que la superficie des terres du niveau géographique que le fichier représente. Il contient aussi le PRIDU. Ils sont disponibles pour les régions géographiques suivantes :
•	Province et territoire (PR)
•	Division de recensement (DR)
•	Circonscription électorale fédérale (Ordonnance de représentation de 2013) (CEF)
•	Subdivision de recensement (SDR)
•	Localité désignée (LD)
•	Région économique (RE)
•	Région agricole de recensement (RAR)
•	Subdivision de recensement unifiée (SRU)
•	Région métropolitaine de recensement et agglomération de recensement (RMR/AR)
•	Secteur de recensement (SR)
•	Centre de population (CTRPOP)
•	Aire de diffusion (AD)
•	Îlot de diffusion (ID)
•	Aire de diffusion agrégée (ADA)
•	L'écoumène agricole
•	Région de tri d'acheminement du recensement© (RTAR©)
•	L'écoumène de population</gmd:LocalisedCharacterString>
               </gmd:textGroup>
            </gmd:PT_FreeText>
         </gmd:abstract>
         <gmd:status>
            <gmd:MD_ProgressCode xmlns=""
                                 codeList="http://nap.geogratis.gc.ca/metadata/register/napMetadataRegister.xml#IC_106"
                                 codeListValue="RI_593">completed; complété</gmd:MD_ProgressCode>
         </gmd:status>
         <gmd:resourceMaintenance>
            <gmd:MD_MaintenanceInformation>
               <gmd:maintenanceAndUpdateFrequency>
                  <gmd:MD_MaintenanceFrequencyCode xmlns=""
                                                   codeList="http://nap.geogratis.gc.ca/metadata/register/napMetadataRegister.xml#IC_102"
                                                   codeListValue="RI_540">asNeeded; auBesoin</gmd:MD_MaintenanceFrequencyCode>
               </gmd:maintenanceAndUpdateFrequency>
            </gmd:MD_MaintenanceInformation>
         </gmd:resourceMaintenance>
         <gmd:graphicOverview>
            <gmd:MD_BrowseGraphic>
               <gmd:fileName>
                  <gco:CharacterString>https://www12.statcan.gc.ca/census-recensement/2021/geo/images/boundaryfiles.png</gco:CharacterString>
               </gmd:fileName>
            </gmd:MD_BrowseGraphic>
         </gmd:graphicOverview>
         <gmd:descriptiveKeywords>
            <gmd:MD_Keywords>
               <gmd:keyword xsi:type="gmd:PT_FreeText_PropertyType">
                  <gco:CharacterString>Boundaries</gco:CharacterString>
                  <gmd:PT_FreeText>
                     <gmd:textGroup>
                        <gmd:LocalisedCharacterString xmlns="" locale="#fra">Limites</gmd:LocalisedCharacterString>
                     </gmd:textGroup>
                  </gmd:PT_FreeText>
               </gmd:keyword>
               <gmd:keyword xsi:type="gmd:PT_FreeText_PropertyType">
                  <gco:CharacterString>Geographic data</gco:CharacterString>
                  <gmd:PT_FreeText>
                     <gmd:textGroup>
                        <gmd:LocalisedCharacterString xmlns="" locale="#fra">Données géographiques</gmd:LocalisedCharacterString>
                     </gmd:textGroup>
                  </gmd:PT_FreeText>
               </gmd:keyword>
               <gmd:type>
                  <gmd:MD_KeywordTypeCode xmlns=""
                                          codeList="http://nap.geogratis.gc.ca/metadata/register/napMetadataRegister.xml#IC_101"
                                          codeListValue="RI_529">product; produit</gmd:MD_KeywordTypeCode>
               </gmd:type>
            </gmd:MD_Keywords>
         </gmd:descriptiveKeywords>
         <gmd:descriptiveKeywords>
            <gmd:MD_Keywords>
               <gmd:keyword xsi:type="gmd:PT_FreeText_PropertyType">
                  <gco:CharacterString>Statistics</gco:CharacterString>
                  <gmd:PT_FreeText>
                     <gmd:textGroup>
                        <gmd:LocalisedCharacterString xmlns="" locale="#fra">Statistiques</gmd:LocalisedCharacterString>
                     </gmd:textGroup>
                  </gmd:PT_FreeText>
               </gmd:keyword>
               <gmd:keyword xsi:type="gmd:PT_FreeText_PropertyType">
                  <gco:CharacterString>Boundaries</gco:CharacterString>
                  <gmd:PT_FreeText>
                     <gmd:textGroup>
                        <gmd:LocalisedCharacterString xmlns="" locale="#fra">Frontière</gmd:LocalisedCharacterString>
                     </gmd:textGroup>
                  </gmd:PT_FreeText>
               </gmd:keyword>
               <gmd:keyword xsi:type="gmd:PT_FreeText_PropertyType">
                  <gco:CharacterString>Census</gco:CharacterString>
                  <gmd:PT_FreeText>
                     <gmd:textGroup>
                        <gmd:LocalisedCharacterString xmlns="" locale="#fra">Recensement</gmd:LocalisedCharacterString>
                     </gmd:textGroup>
                  </gmd:PT_FreeText>
               </gmd:keyword>
               <gmd:keyword xsi:type="gmd:PT_FreeText_PropertyType">
                  <gco:CharacterString>Geographic data</gco:CharacterString>
                  <gmd:PT_FreeText>
                     <gmd:textGroup>
                        <gmd:LocalisedCharacterString xmlns="" locale="#fra">Données géographiques</gmd:LocalisedCharacterString>
                     </gmd:textGroup>
                  </gmd:PT_FreeText>
               </gmd:keyword>
               <gmd:type>
                  <gmd:MD_KeywordTypeCode xmlns=""
                                          codeList="http://nap.geogratis.gc.ca/metadata/register/napMetadataRegister.xml#IC_101"
                                          codeListValue="RI_528">theme; thème</gmd:MD_KeywordTypeCode>
               </gmd:type>
               <gmd:thesaurusName>
                  <gmd:CI_Citation>
                     <gmd:title xsi:type="gmd:PT_FreeText_PropertyType">
                        <gco:CharacterString>Government of Canada Core Subject Thesaurus</gco:CharacterString>
                        <gmd:PT_FreeText>
                           <gmd:textGroup>
                              <gmd:LocalisedCharacterString xmlns="" locale="#fra">Thésaurus des sujets de base du gouvernement du Canada</gmd:LocalisedCharacterString>
                           </gmd:textGroup>
                        </gmd:PT_FreeText>
                     </gmd:title>
                     <gmd:date>
                        <gmd:CI_Date>
                           <gmd:date>
                              <gco:Date>2004</gco:Date>
                           </gmd:date>
                           <gmd:dateType>
                              <gmd:CI_DateTypeCode xmlns=""
                                                   codeList="http://nap.geogratis.gc.ca/metadata/register/napMetadataRegister.xml#IC_87"
                                                   codeListValue="RI_366">creation; création</gmd:CI_DateTypeCode>
                           </gmd:dateType>
                        </gmd:CI_Date>
                     </gmd:date>
                     <gmd:date>
                        <gmd:CI_Date>
                           <gmd:date>
                              <gco:Date>2016-07-04</gco:Date>
                           </gmd:date>
                           <gmd:dateType>
                              <gmd:CI_DateTypeCode xmlns=""
                                                   codeList="http://nap.geogratis.gc.ca/metadata/register/napMetadataRegister.xml#IC_87"
                                                   codeListValue="RI_367">publication; publication</gmd:CI_DateTypeCode>
                           </gmd:dateType>
                        </gmd:CI_Date>
                     </gmd:date>
                     <gmd:citedResponsibleParty>
                        <gmd:CI_ResponsibleParty>
                           <gmd:organisationName xsi:type="gmd:PT_FreeText_PropertyType">
                              <gco:CharacterString>Government of Canada; Library and Archives Canada</gco:CharacterString>
                              <gmd:PT_FreeText>
                                 <gmd:textGroup>
                                    <gmd:LocalisedCharacterString xmlns="" locale="#fra">Gouvernement du Canada; Bibliothèque et Archives Canada</gmd:LocalisedCharacterString>
                                 </gmd:textGroup>
                              </gmd:PT_FreeText>
                           </gmd:organisationName>
                           <gmd:role>
                              <gmd:CI_RoleCode xmlns=""
                                               codeList="http://nap.geogratis.gc.ca/metadata/register/napMetadataRegister.xml#IC_90"
                                               codeListValue="RI_409">custodian; conservateur</gmd:CI_RoleCode>
                           </gmd:role>
                        </gmd:CI_ResponsibleParty>
                     </gmd:citedResponsibleParty>
                  </gmd:CI_Citation>
               </gmd:thesaurusName>
            </gmd:MD_Keywords>
         </gmd:descriptiveKeywords>
         <gmd:resourceConstraints>
            <gmd:MD_LegalConstraints>
               <gmd:useLimitation xsi:type="gmd:PT_FreeText_PropertyType">
                  <gco:CharacterString>Open Government Licence - Canada (http://open.canada.ca/en/open-government-licence-canada)</gco:CharacterString>
                  <gmd:PT_FreeText>
                     <gmd:textGroup>
                        <gmd:LocalisedCharacterString xmlns="" locale="#fra">Licence du gouvernement ouvert - Canada (http://ouvert.canada.ca/fr/licence-du-gouvernement-ouvert-canada)</gmd:LocalisedCharacterString>
                     </gmd:textGroup>
                  </gmd:PT_FreeText>
               </gmd:useLimitation>
               <gmd:accessConstraints>
                  <gmd:MD_RestrictionCode xmlns=""
                                          codeList="http://nap.geogratis.gc.ca/metadata/register/napMetadataRegister.xml#IC_107"
                                          codeListValue="RI_606">license; licence</gmd:MD_RestrictionCode>
               </gmd:accessConstraints>
               <gmd:useConstraints>
                  <gmd:MD_RestrictionCode xmlns=""
                                          codeList="http://nap.geogratis.gc.ca/metadata/register/napMetadataRegister.xml#IC_107"
                                          codeListValue="RI_606">license; licence</gmd:MD_RestrictionCode>
               </gmd:useConstraints>
            </gmd:MD_LegalConstraints>
         </gmd:resourceConstraints>
         <gmd:spatialRepresentationType>
            <gmd:MD_SpatialRepresentationTypeCode xmlns=""
                                                  codeList="http://nap.geogratis.gc.ca/metadata/register/napMetadataRegister.xml#IC_109"
                                                  codeListValue="RI_635">vector; vecteur</gmd:MD_SpatialRepresentationTypeCode>
         </gmd:spatialRepresentationType>
         <gmd:language>
            <gco:CharacterString>eng; CAN</gco:CharacterString>
         </gmd:language>
         <gmd:language>
            <gco:CharacterString>fre; CAN</gco:CharacterString>
         </gmd:language>
         <gmd:characterSet>
            <gmd:MD_CharacterSetCode xmlns=""
                                     codeList="http://nap.geogratis.gc.ca/metadata/register/napMetadataRegister.xml#IC_95"
                                     codeListValue="RI_458">utf8; utf8</gmd:MD_CharacterSetCode>
         </gmd:characterSet>
         <gmd:topicCategory>
            <gmd:MD_TopicCategoryCode>boundaries</gmd:MD_TopicCategoryCode>
         </gmd:topicCategory>
         <gmd:environmentDescription gco:nilReason="missing">
            <gco:CharacterString/>
         </gmd:environmentDescription>
         <gmd:extent>
            <gmd:EX_Extent>
               <gmd:geographicElement>
                  <gmd:EX_GeographicBoundingBox>
                     <gmd:westBoundLongitude>
                        <gco:Decimal>-143.00</gco:Decimal>
                     </gmd:westBoundLongitude>
                     <gmd:eastBoundLongitude>
                        <gco:Decimal>-52.00</gco:Decimal>
                     </gmd:eastBoundLongitude>
                     <gmd:southBoundLatitude>
                        <gco:Decimal>41.00</gco:Decimal>
                     </gmd:southBoundLatitude>
                     <gmd:northBoundLatitude>
                        <gco:Decimal>84.00</gco:Decimal>
                     </gmd:northBoundLatitude>
                  </gmd:EX_GeographicBoundingBox>
               </gmd:geographicElement>
            </gmd:EX_Extent>
         </gmd:extent>
         <gmd:extent>
            <gmd:EX_Extent/>
         </gmd:extent>
         <gmd:extent>
            <gmd:EX_Extent/>
         </gmd:extent>
         <gmd:extent>
            <gmd:EX_Extent/>
         </gmd:extent>
         <gmd:extent>
            <gmd:EX_Extent>
               <gmd:temporalElement>
                  <gmd:EX_TemporalExtent>
                     <gmd:extent>
                        <gml:TimePeriod gml:id="d1804731e633">
                           <gml:beginPosition>2021-01</gml:beginPosition>
                           <gml:endPosition/>
                        </gml:TimePeriod>
                     </gmd:extent>
                  </gmd:EX_TemporalExtent>
               </gmd:temporalElement>
            </gmd:EX_Extent>
         </gmd:extent>
      </gmd:MD_DataIdentification>
  </gmd:identificationInfo>
  <gmd:distributionInfo>
      <gmd:MD_Distribution>
         <gmd:distributor>
            <gmd:MD_Distributor>
               <gmd:distributorContact>
                  <gmd:CI_ResponsibleParty>
                     <gmd:individualName gco:nilReason="missing">
                        <gco:CharacterString/>
                     </gmd:individualName>
                     <gmd:organisationName xsi:type="gmd:PT_FreeText_PropertyType">
                        <gco:CharacterString>Government of Canada;Statistics Canada</gco:CharacterString>
                        <gmd:PT_FreeText>
                           <gmd:textGroup>
                              <gmd:LocalisedCharacterString xmlns="" locale="#fra">Gouvernement du Canada;Statistique Canada</gmd:LocalisedCharacterString>
                           </gmd:textGroup>
                        </gmd:PT_FreeText>
                     </gmd:organisationName>
                     <gmd:contactInfo>
                        <gmd:CI_Contact>
                           <gmd:phone>
                              <gmd:CI_Telephone>
                                 <gmd:voice xsi:type="gmd:PT_FreeText_PropertyType">
                                    <gco:CharacterString>1-800-263-1136</gco:CharacterString>
                                    <gmd:PT_FreeText>
                                       <gmd:textGroup>
                                          <gmd:LocalisedCharacterString xmlns="" locale="#fra">1-800-263-1136</gmd:LocalisedCharacterString>
                                       </gmd:textGroup>
                                    </gmd:PT_FreeText>
                                 </gmd:voice>
                                 <gmd:facsimile>
                                    <gco:CharacterString>1-514-283-9350</gco:CharacterString>
                                 </gmd:facsimile>
                              </gmd:CI_Telephone>
                           </gmd:phone>
                           <gmd:address>
                              <gmd:CI_Address>
                                 <gmd:deliveryPoint xsi:type="gmd:PT_FreeText_PropertyType">
                                    <gco:CharacterString>150 Tunney's Pasture Driveway</gco:CharacterString>
                                    <gmd:PT_FreeText>
                                       <gmd:textGroup>
                                          <gmd:LocalisedCharacterString xmlns="" locale="#fra">150, promenade Tunney's Pasture</gmd:LocalisedCharacterString>
                                       </gmd:textGroup>
                                    </gmd:PT_FreeText>
                                 </gmd:deliveryPoint>
                                 <gmd:city>
                                    <gco:CharacterString>Ottawa</gco:CharacterString>
                                 </gmd:city>
                                 <gmd:administrativeArea xsi:type="gmd:PT_FreeText_PropertyType">
                                    <gco:CharacterString>Ontario</gco:CharacterString>
                                    <gmd:PT_FreeText>
                                       <gmd:textGroup>
                                          <gmd:LocalisedCharacterString xmlns="" locale="#fra">Ontario</gmd:LocalisedCharacterString>
                                       </gmd:textGroup>
                                    </gmd:PT_FreeText>
                                 </gmd:administrativeArea>
                                 <gmd:postalCode>
                                    <gco:CharacterString>K1A 0T6</gco:CharacterString>
                                 </gmd:postalCode>
                                 <gmd:country xsi:type="gmd:PT_FreeText_PropertyType">
                                    <gco:CharacterString>Canada</gco:CharacterString>
                                    <gmd:PT_FreeText>
                                       <gmd:textGroup>
                                          <gmd:LocalisedCharacterString xmlns="" locale="#fra">Canada</gmd:LocalisedCharacterString>
                                       </gmd:textGroup>
                                    </gmd:PT_FreeText>
                                 </gmd:country>
                                 <gmd:electronicMailAddress xsi:type="gmd:PT_FreeText_PropertyType">
                                    <gco:CharacterString>infostats@statcan.gc.ca</gco:CharacterString>
                                    <gmd:PT_FreeText>
                                       <gmd:textGroup>
                                          <gmd:LocalisedCharacterString xmlns="" locale="#fra">infostats@statcan.gc.ca</gmd:LocalisedCharacterString>
                                       </gmd:textGroup>
                                    </gmd:PT_FreeText>
                                 </gmd:electronicMailAddress>
                              </gmd:CI_Address>
                           </gmd:address>
                           <gmd:onlineResource>
                              <gmd:CI_OnlineResource>
                                 <gmd:linkage gco:nilReason="missing">
                                    <gmd:URL>http://www.statcan.gc.ca/</gmd:URL>
                                 </gmd:linkage>
                                 <gmd:protocol>
                                    <gco:CharacterString>http</gco:CharacterString>
                                 </gmd:protocol>
                              </gmd:CI_OnlineResource>
                           </gmd:onlineResource>
                           <gmd:hoursOfService xsi:type="gmd:PT_FreeText_PropertyType">
                              <gco:CharacterString>Monday to Friday (except holidays) from 8:30 am to 4:30 pm</gco:CharacterString>
                              <gmd:PT_FreeText>
                                 <gmd:textGroup>
                                    <gmd:LocalisedCharacterString xmlns="" locale="#fra">Lundi au vendredi (sauf les jours fériés) de 8 h 30 à 16 h 30</gmd:LocalisedCharacterString>
                                 </gmd:textGroup>
                              </gmd:PT_FreeText>
                           </gmd:hoursOfService>
                        </gmd:CI_Contact>
                     </gmd:contactInfo>
                     <gmd:role>
                        <gmd:CI_RoleCode xmlns=""
                                         codeList="http://nap.geogratis.gc.ca/metadata/register/napMetadataRegister.xml#IC_90"
                                         codeListValue="RI_412">distributor; distributeur</gmd:CI_RoleCode>
                     </gmd:role>
                  </gmd:CI_ResponsibleParty>
               </gmd:distributorContact>
            </gmd:MD_Distributor>
         </gmd:distributor>
         <gmd:transferOptions>
            <gmd:MD_DigitalTransferOptions>
               <gmd:onLine>
                  <gmd:CI_OnlineResource>
                     <gmd:linkage>
                        <gmd:URL>https://www12.statcan.gc.ca/census-recensement/2021/geo/sip-pis/boundary-limites/index2021-eng.cfm?year=21</gmd:URL>
                     </gmd:linkage>
                     <gmd:protocol>
                        <gco:CharacterString>HTTPS</gco:CharacterString>
                     </gmd:protocol>
                     <gmd:name xsi:type="gmd:PT_FreeText_PropertyType">
                        <gco:CharacterString>2021 Census Boundary Files</gco:CharacterString>
                        <gmd:PT_FreeText>
                           <gmd:textGroup>
                              <gmd:LocalisedCharacterString xmlns="" locale="#fra">Fichiers des limites du Recensement de 2021</gmd:LocalisedCharacterString>
                           </gmd:textGroup>
                        </gmd:PT_FreeText>
                     </gmd:name>
                     <gmd:description xsi:type="gmd:PT_FreeText_PropertyType">
                        <gco:CharacterString>Dataset;FGDB/GDB;eng</gco:CharacterString>
                        <gmd:PT_FreeText>
                           <gmd:textGroup>
                              <gmd:LocalisedCharacterString xmlns="" locale="#fra">Données;FGDB/GDB;eng</gmd:LocalisedCharacterString>
                           </gmd:textGroup>
                        </gmd:PT_FreeText>
                     </gmd:description>
                  </gmd:CI_OnlineResource>
               </gmd:onLine>
               <gmd:onLine>
                  <gmd:CI_OnlineResource>
                     <gmd:linkage>
                        <gmd:URL>https://www12.statcan.gc.ca/census-recensement/2021/geo/sip-pis/boundary-limites/index2021-fra.cfm?year=21</gmd:URL>
                     </gmd:linkage>
                     <gmd:protocol>
                        <gco:CharacterString>HTTPS</gco:CharacterString>
                     </gmd:protocol>
                     <gmd:name xsi:type="gmd:PT_FreeText_PropertyType">
                        <gco:CharacterString>2021 Census Boundary Files</gco:CharacterString>
                        <gmd:PT_FreeText>
                           <gmd:textGroup>
                              <gmd:LocalisedCharacterString xmlns="" locale="#fra">Fichiers des limites du Recensement de 2021</gmd:LocalisedCharacterString>
                           </gmd:textGroup>
                        </gmd:PT_FreeText>
                     </gmd:name>
                     <gmd:description xsi:type="gmd:PT_FreeText_PropertyType">
                        <gco:CharacterString>Dataset;FGDB/GDB;fra</gco:CharacterString>
                        <gmd:PT_FreeText>
                           <gmd:textGroup>
                              <gmd:LocalisedCharacterString xmlns="" locale="#fra">Données;FGDB/GDB;fra</gmd:LocalisedCharacterString>
                           </gmd:textGroup>
                        </gmd:PT_FreeText>
                     </gmd:description>
                  </gmd:CI_OnlineResource>
               </gmd:onLine>
               <gmd:onLine>
                  <gmd:CI_OnlineResource>
                     <gmd:linkage>
                        <gmd:URL>https://www12.statcan.gc.ca/census-recensement/2021/geo/sip-pis/boundary-limites/index2021-eng.cfm?year=21</gmd:URL>
                     </gmd:linkage>
                     <gmd:protocol>
                        <gco:CharacterString>HTTPS</gco:CharacterString>
                     </gmd:protocol>
                     <gmd:name xsi:type="gmd:PT_FreeText_PropertyType">
                        <gco:CharacterString>2021 Census Boundary Files</gco:CharacterString>
                        <gmd:PT_FreeText>
                           <gmd:textGroup>
                              <gmd:LocalisedCharacterString xmlns="" locale="#fra">Fichiers des limites du Recensement de 2021</gmd:LocalisedCharacterString>
                           </gmd:textGroup>
                        </gmd:PT_FreeText>
                     </gmd:name>
                     <gmd:description xsi:type="gmd:PT_FreeText_PropertyType">
                        <gco:CharacterString>Dataset;GML;eng</gco:CharacterString>
                        <gmd:PT_FreeText>
                           <gmd:textGroup>
                              <gmd:LocalisedCharacterString xmlns="" locale="#fra">Données;GML;eng</gmd:LocalisedCharacterString>
                           </gmd:textGroup>
                        </gmd:PT_FreeText>
                     </gmd:description>
                  </gmd:CI_OnlineResource>
               </gmd:onLine>
               <gmd:onLine>
                  <gmd:CI_OnlineResource>
                     <gmd:linkage>
                        <gmd:URL>https://www12.statcan.gc.ca/census-recensement/2021/geo/sip-pis/boundary-limites/index2021-fra.cfm?year=21</gmd:URL>
                     </gmd:linkage>
                     <gmd:protocol>
                        <gco:CharacterString>HTTPS</gco:CharacterString>
                     </gmd:protocol>
                     <gmd:name xsi:type="gmd:PT_FreeText_PropertyType">
                        <gco:CharacterString>2021 Census Boundary Files</gco:CharacterString>
                        <gmd:PT_FreeText>
                           <gmd:textGroup>
                              <gmd:LocalisedCharacterString xmlns="" locale="#fra">Fichiers des limites du Recensement de 2021</gmd:LocalisedCharacterString>
                           </gmd:textGroup>
                        </gmd:PT_FreeText>
                     </gmd:name>
                     <gmd:description xsi:type="gmd:PT_FreeText_PropertyType">
                        <gco:CharacterString>Dataset;GML;fra</gco:CharacterString>
                        <gmd:PT_FreeText>
                           <gmd:textGroup>
                              <gmd:LocalisedCharacterString xmlns="" locale="#fra">Données;GML;fra</gmd:LocalisedCharacterString>
                           </gmd:textGroup>
                        </gmd:PT_FreeText>
                     </gmd:description>
                  </gmd:CI_OnlineResource>
               </gmd:onLine>
               <gmd:onLine>
                  <gmd:CI_OnlineResource>
                     <gmd:linkage>
                        <gmd:URL>https://www12.statcan.gc.ca/census-recensement/2021/geo/sip-pis/boundary-limites/index2021-eng.cfm?year=21</gmd:URL>
                     </gmd:linkage>
                     <gmd:protocol>
                        <gco:CharacterString>HTTPS</gco:CharacterString>
                     </gmd:protocol>
                     <gmd:name xsi:type="gmd:PT_FreeText_PropertyType">
                        <gco:CharacterString>2021 Census Boundary Files</gco:CharacterString>
                        <gmd:PT_FreeText>
                           <gmd:textGroup>
                              <gmd:LocalisedCharacterString xmlns="" locale="#fra">Fichiers des limites du Recensement de 2021</gmd:LocalisedCharacterString>
                           </gmd:textGroup>
                        </gmd:PT_FreeText>
                     </gmd:name>
                     <gmd:description xsi:type="gmd:PT_FreeText_PropertyType">
                        <gco:CharacterString>Dataset;SHP;eng</gco:CharacterString>
                        <gmd:PT_FreeText>
                           <gmd:textGroup>
                              <gmd:LocalisedCharacterString xmlns="" locale="#fra">Données;SHP;eng</gmd:LocalisedCharacterString>
                           </gmd:textGroup>
                        </gmd:PT_FreeText>
                     </gmd:description>
                  </gmd:CI_OnlineResource>
               </gmd:onLine>
               <gmd:onLine>
                  <gmd:CI_OnlineResource>
                     <gmd:linkage>
                        <gmd:URL>https://www12.statcan.gc.ca/census-recensement/2021/geo/sip-pis/boundary-limites/index2021-fra.cfm?year=21</gmd:URL>
                     </gmd:linkage>
                     <gmd:protocol>
                        <gco:CharacterString>HTTPS</gco:CharacterString>
                     </gmd:protocol>
                     <gmd:name xsi:type="gmd:PT_FreeText_PropertyType">
                        <gco:CharacterString>2021 Census Boundary Files</gco:CharacterString>
                        <gmd:PT_FreeText>
                           <gmd:textGroup>
                              <gmd:LocalisedCharacterString xmlns="" locale="#fra">Fichiers des limites du Recensement de 2021</gmd:LocalisedCharacterString>
                           </gmd:textGroup>
                        </gmd:PT_FreeText>
                     </gmd:name>
                     <gmd:description xsi:type="gmd:PT_FreeText_PropertyType">
                        <gco:CharacterString>Dataset;SHP;fra</gco:CharacterString>
                        <gmd:PT_FreeText>
                           <gmd:textGroup>
                              <gmd:LocalisedCharacterString xmlns="" locale="#fra">Données;SHP;fra</gmd:LocalisedCharacterString>
                           </gmd:textGroup>
                        </gmd:PT_FreeText>
                     </gmd:description>
                  </gmd:CI_OnlineResource>
               </gmd:onLine>
               <gmd:onLine>
                  <gmd:CI_OnlineResource>
                     <gmd:linkage>
                        <gmd:URL>https://www12.statcan.gc.ca/census-recensement/2021/geo/ref/guide/index2021-eng.cfm?year=21</gmd:URL>
                     </gmd:linkage>
                     <gmd:protocol>
                        <gco:CharacterString>HTTPS</gco:CharacterString>
                     </gmd:protocol>
                     <gmd:name xsi:type="gmd:PT_FreeText_PropertyType">
                        <gco:CharacterString>Reference guides - 2021 Census Boundary Files</gco:CharacterString>
                        <gmd:PT_FreeText>
                           <gmd:textGroup>
                              <gmd:LocalisedCharacterString xmlns="" locale="#fra">Guides de référence - Fichiers des limites du Recensement de 2021</gmd:LocalisedCharacterString>
                           </gmd:textGroup>
                        </gmd:PT_FreeText>
                     </gmd:name>
                     <gmd:description xsi:type="gmd:PT_FreeText_PropertyType">
                        <gco:CharacterString>Supporting Document;PDF;eng</gco:CharacterString>
                        <gmd:PT_FreeText>
                           <gmd:textGroup>
                              <gmd:LocalisedCharacterString xmlns="" locale="#fra">Document de soutien;PDF;eng</gmd:LocalisedCharacterString>
                           </gmd:textGroup>
                        </gmd:PT_FreeText>
                     </gmd:description>
                  </gmd:CI_OnlineResource>
               </gmd:onLine>
               <gmd:onLine>
                  <gmd:CI_OnlineResource>
                     <gmd:linkage>
                        <gmd:URL>https://www12.statcan.gc.ca/census-recensement/2021/geo/ref/guide/index2021-fra.cfm?year=21</gmd:URL>
                     </gmd:linkage>
                     <gmd:protocol>
                        <gco:CharacterString>HTTPS</gco:CharacterString>
                     </gmd:protocol>
                     <gmd:name xsi:type="gmd:PT_FreeText_PropertyType">
                        <gco:CharacterString>Reference guides -  2021 Census Boundary Files</gco:CharacterString>
                        <gmd:PT_FreeText>
                           <gmd:textGroup>
                              <gmd:LocalisedCharacterString xmlns="" locale="#fra">Guides de référence - Fichiers des limites du Recensement de 2021</gmd:LocalisedCharacterString>
                           </gmd:textGroup>
                        </gmd:PT_FreeText>
                     </gmd:name>
                     <gmd:description xsi:type="gmd:PT_FreeText_PropertyType">
                        <gco:CharacterString>Supporting Document;PDF;fra</gco:CharacterString>
                        <gmd:PT_FreeText>
                           <gmd:textGroup>
                              <gmd:LocalisedCharacterString xmlns="" locale="#fra">Document de soutien;PDF;fra</gmd:LocalisedCharacterString>
                           </gmd:textGroup>
                        </gmd:PT_FreeText>
                     </gmd:description>
                  </gmd:CI_OnlineResource>
               </gmd:onLine>
               <gmd:onLine>
                  <gmd:CI_OnlineResource>
                     <gmd:linkage>
                        <gmd:URL>https://geo.statcan.gc.ca/geo_wa/rest/services/2021/Cartographic_boundary_files/MapServer</gmd:URL>
                     </gmd:linkage>
                     <gmd:protocol>
                        <gco:CharacterString>HTTPS</gco:CharacterString>
                     </gmd:protocol>
                     <gmd:name xsi:type="gmd:PT_FreeText_PropertyType">
                        <gco:CharacterString>2021 Census Boundary Files</gco:CharacterString>
                        <gmd:PT_FreeText>
                           <gmd:textGroup>
                              <gmd:LocalisedCharacterString xmlns="" locale="#fra">Fichiers des limites du Recensement de 2021</gmd:LocalisedCharacterString>
                           </gmd:textGroup>
                        </gmd:PT_FreeText>
                     </gmd:name>
                     <gmd:description xsi:type="gmd:PT_FreeText_PropertyType">
                        <gco:CharacterString>Web Service;ESRI REST;eng</gco:CharacterString>
                        <gmd:PT_FreeText>
                           <gmd:textGroup>
                              <gmd:LocalisedCharacterString xmlns="" locale="#fra">Service Web;ESRI REST;eng</gmd:LocalisedCharacterString>
                           </gmd:textGroup>
                        </gmd:PT_FreeText>
                     </gmd:description>
                  </gmd:CI_OnlineResource>
               </gmd:onLine>
               <gmd:onLine>
                  <gmd:CI_OnlineResource>
                     <gmd:linkage>
                        <gmd:URL>https://geo.statcan.gc.ca/geo_wa/rest/services/2021/Fichiers_des_limites_cartographiques/MapServer</gmd:URL>
                     </gmd:linkage>
                     <gmd:protocol>
                        <gco:CharacterString>HTTPS</gco:CharacterString>
                     </gmd:protocol>
                     <gmd:name xsi:type="gmd:PT_FreeText_PropertyType">
                        <gco:CharacterString>2021 Census Boundary Files</gco:CharacterString>
                        <gmd:PT_FreeText>
                           <gmd:textGroup>
                              <gmd:LocalisedCharacterString xmlns="" locale="#fra">Fichiers des limites du Recensement de 2021</gmd:LocalisedCharacterString>
                           </gmd:textGroup>
                        </gmd:PT_FreeText>
                     </gmd:name>
                     <gmd:description xsi:type="gmd:PT_FreeText_PropertyType">
                        <gco:CharacterString>Web Service;ESRI REST;fra</gco:CharacterString>
                        <gmd:PT_FreeText>
                           <gmd:textGroup>
                              <gmd:LocalisedCharacterString xmlns="" locale="#fra">Service Web;ESRI REST;fra</gmd:LocalisedCharacterString>
                           </gmd:textGroup>
                        </gmd:PT_FreeText>
                     </gmd:description>
                  </gmd:CI_OnlineResource>
               </gmd:onLine>
               <gmd:onLine>
                  <gmd:CI_OnlineResource>
                     <gmd:linkage>
                        <gmd:URL>https://geo.statcan.gc.ca/geo_wa/services/2021/Cartographic_boundary_files/MapServer/WMSServer?request=GetCapabilities&amp;service=WMS</gmd:URL>
                     </gmd:linkage>
                     <gmd:protocol>
                        <gco:CharacterString>HTTPS</gco:CharacterString>
                     </gmd:protocol>
                     <gmd:name xsi:type="gmd:PT_FreeText_PropertyType">
                        <gco:CharacterString>2021 Census Boundary Files</gco:CharacterString>
                        <gmd:PT_FreeText>
                           <gmd:textGroup>
                              <gmd:LocalisedCharacterString xmlns="" locale="#fra">Fichiers des limites du Recensement de 2021</gmd:LocalisedCharacterString>
                           </gmd:textGroup>
                        </gmd:PT_FreeText>
                     </gmd:name>
                     <gmd:description xsi:type="gmd:PT_FreeText_PropertyType">
                        <gco:CharacterString>Web Service;WMS;eng</gco:CharacterString>
                        <gmd:PT_FreeText>
                           <gmd:textGroup>
                              <gmd:LocalisedCharacterString xmlns="" locale="#fra">Service Web;WMS;eng</gmd:LocalisedCharacterString>
                           </gmd:textGroup>
                        </gmd:PT_FreeText>
                     </gmd:description>
                  </gmd:CI_OnlineResource>
               </gmd:onLine>
               <gmd:onLine>
                  <gmd:CI_OnlineResource>
                     <gmd:linkage>
                        <gmd:URL>https://geo.statcan.gc.ca/geo_wa/services/2021/Fichiers_des_limites_cartographiques/MapServer/WMSServer?request=GetCapabilities&amp;service=WMS</gmd:URL>
                     </gmd:linkage>
                     <gmd:protocol>
                        <gco:CharacterString>HTTPS</gco:CharacterString>
                     </gmd:protocol>
                     <gmd:name xsi:type="gmd:PT_FreeText_PropertyType">
                        <gco:CharacterString>2021 Census Boundary Files</gco:CharacterString>
                        <gmd:PT_FreeText>
                           <gmd:textGroup>
                              <gmd:LocalisedCharacterString xmlns="" locale="#fra">Fichiers des limites du Recensement de 2021</gmd:LocalisedCharacterString>
                           </gmd:textGroup>
                        </gmd:PT_FreeText>
                     </gmd:name>
                     <gmd:description xsi:type="gmd:PT_FreeText_PropertyType">
                        <gco:CharacterString>Web Service;WMS;fra</gco:CharacterString>
                        <gmd:PT_FreeText>
                           <gmd:textGroup>
                              <gmd:LocalisedCharacterString xmlns="" locale="#fra">Service Web;WMS;fra</gmd:LocalisedCharacterString>
                           </gmd:textGroup>
                        </gmd:PT_FreeText>
                     </gmd:description>
                  </gmd:CI_OnlineResource>
               </gmd:onLine>
               <gmd:onLine>
                  <gmd:CI_OnlineResource>
                     <gmd:linkage>
                        <gmd:URL>https://www12.statcan.gc.ca/census-recensement/2021/geo/sip-pis/dguid-idugd/index2021-eng.cfm?year=21</gmd:URL>
                     </gmd:linkage>
                     <gmd:protocol>
                        <gco:CharacterString>HTTPS</gco:CharacterString>
                     </gmd:protocol>
                     <gmd:name xsi:type="gmd:PT_FreeText_PropertyType">
                        <gco:CharacterString>Dissemination Geographies Relationship File - 2021 Census</gco:CharacterString>
                        <gmd:PT_FreeText>
                           <gmd:textGroup>
                              <gmd:LocalisedCharacterString xmlns="" locale="#fra">Fichier de relations des géographies de diffusion - Recensement de 2021</gmd:LocalisedCharacterString>
                           </gmd:textGroup>
                        </gmd:PT_FreeText>
                     </gmd:name>
                     <gmd:description xsi:type="gmd:PT_FreeText_PropertyType">
                        <gco:CharacterString>Supporting Document;ZIP;eng</gco:CharacterString>
                        <gmd:PT_FreeText>
                           <gmd:textGroup>
                              <gmd:LocalisedCharacterString xmlns="" locale="#fra">Document de soutien;ZIP;eng</gmd:LocalisedCharacterString>
                           </gmd:textGroup>
                        </gmd:PT_FreeText>
                     </gmd:description>
                  </gmd:CI_OnlineResource>
               </gmd:onLine>
               <gmd:onLine>
                  <gmd:CI_OnlineResource>
                     <gmd:linkage>
                        <gmd:URL>https://www12.statcan.gc.ca/census-recensement/2021/geo/sip-pis/dguid-idugd/index2021-fra.cfm?year=21</gmd:URL>
                     </gmd:linkage>
                     <gmd:protocol>
                        <gco:CharacterString>HTTPS</gco:CharacterString>
                     </gmd:protocol>
                     <gmd:name xsi:type="gmd:PT_FreeText_PropertyType">
                        <gco:CharacterString>Dissemination Geographies Relationship File - 2021 Census</gco:CharacterString>
                        <gmd:PT_FreeText>
                           <gmd:textGroup>
                              <gmd:LocalisedCharacterString xmlns="" locale="#fra">Fichier de relations des géographies de diffusion - Recensement de 2021</gmd:LocalisedCharacterString>
                           </gmd:textGroup>
                        </gmd:PT_FreeText>
                     </gmd:name>
                     <gmd:description xsi:type="gmd:PT_FreeText_PropertyType">
                        <gco:CharacterString>Supporting Document;ZIP;fra</gco:CharacterString>
                        <gmd:PT_FreeText>
                           <gmd:textGroup>
                              <gmd:LocalisedCharacterString xmlns="" locale="#fra">Document de soutien;ZIP;fra</gmd:LocalisedCharacterString>
                           </gmd:textGroup>
                        </gmd:PT_FreeText>
                     </gmd:description>
                  </gmd:CI_OnlineResource>
               </gmd:onLine>
               <gmd:onLine>
                  <gmd:CI_OnlineResource>
                     <gmd:linkage>
                        <gmd:URL>https://www150.statcan.gc.ca/n1/en/catalogue/982600032021001</gmd:URL>
                     </gmd:linkage>
                     <gmd:protocol>
                        <gco:CharacterString>HTTPS</gco:CharacterString>
                     </gmd:protocol>
                     <gmd:name xsi:type="gmd:PT_FreeText_PropertyType">
                        <gco:CharacterString>Reference guides Dissemination Geographies Relationship File - 2021 Census</gco:CharacterString>
                        <gmd:PT_FreeText>
                           <gmd:textGroup>
                              <gmd:LocalisedCharacterString xmlns="" locale="#fra">Guides de référence Fichier de relations des géographies de diffusion - Recensement de 2021</gmd:LocalisedCharacterString>
                           </gmd:textGroup>
                        </gmd:PT_FreeText>
                     </gmd:name>
                     <gmd:description xsi:type="gmd:PT_FreeText_PropertyType">
                        <gco:CharacterString>Supporting Document;HTML;eng</gco:CharacterString>
                        <gmd:PT_FreeText>
                           <gmd:textGroup>
                              <gmd:LocalisedCharacterString xmlns="" locale="#fra">Document de soutien;HTML;eng</gmd:LocalisedCharacterString>
                           </gmd:textGroup>
                        </gmd:PT_FreeText>
                     </gmd:description>
                  </gmd:CI_OnlineResource>
               </gmd:onLine>
               <gmd:onLine>
                  <gmd:CI_OnlineResource>
                     <gmd:linkage>
                        <gmd:URL>https://www150.statcan.gc.ca/n1/fr/catalogue/982600032021001</gmd:URL>
                     </gmd:linkage>
                     <gmd:protocol>
                        <gco:CharacterString>HTTPS</gco:CharacterString>
                     </gmd:protocol>
                     <gmd:name xsi:type="gmd:PT_FreeText_PropertyType">
                        <gco:CharacterString>Reference guides Dissemination Geographies Relationship File - 2021 Census</gco:CharacterString>
                        <gmd:PT_FreeText>
                           <gmd:textGroup>
                              <gmd:LocalisedCharacterString xmlns="" locale="#fra">Guides de référence Fichier de relations des géographies de diffusion - Recensement de 2021</gmd:LocalisedCharacterString>
                           </gmd:textGroup>
                        </gmd:PT_FreeText>
                     </gmd:name>
                     <gmd:description xsi:type="gmd:PT_FreeText_PropertyType">
                        <gco:CharacterString>Supporting Document;HTML;fra</gco:CharacterString>
                        <gmd:PT_FreeText>
                           <gmd:textGroup>
                              <gmd:LocalisedCharacterString xmlns="" locale="#fra">Document de soutien;HTML;fra</gmd:LocalisedCharacterString>
                           </gmd:textGroup>
                        </gmd:PT_FreeText>
                     </gmd:description>
                  </gmd:CI_OnlineResource>
               </gmd:onLine>
            </gmd:MD_DigitalTransferOptions>
         </gmd:transferOptions>
         <gmd:transferOptions>
            <gmd:MD_DigitalTransferOptions/>
         </gmd:transferOptions>
         <gmd:transferOptions>
            <gmd:MD_DigitalTransferOptions/>
         </gmd:transferOptions>
         <gmd:transferOptions>
            <gmd:MD_DigitalTransferOptions/>
         </gmd:transferOptions>
         <gmd:transferOptions>
            <gmd:MD_DigitalTransferOptions/>
         </gmd:transferOptions>
         <gmd:transferOptions>
            <gmd:MD_DigitalTransferOptions/>
         </gmd:transferOptions>
         <gmd:transferOptions>
            <gmd:MD_DigitalTransferOptions/>
         </gmd:transferOptions>
         <gmd:transferOptions>
            <gmd:MD_DigitalTransferOptions/>
         </gmd:transferOptions>
         <gmd:transferOptions>
            <gmd:MD_DigitalTransferOptions/>
         </gmd:transferOptions>
         <gmd:transferOptions>
            <gmd:MD_DigitalTransferOptions/>
         </gmd:transferOptions>
         <gmd:transferOptions>
            <gmd:MD_DigitalTransferOptions/>
         </gmd:transferOptions>
         <gmd:transferOptions>
            <gmd:MD_DigitalTransferOptions/>
         </gmd:transferOptions>
         <gmd:transferOptions>
            <gmd:MD_DigitalTransferOptions/>
         </gmd:transferOptions>
         <gmd:transferOptions>
            <gmd:MD_DigitalTransferOptions/>
         </gmd:transferOptions>
      </gmd:MD_Distribution>
  </gmd:distributionInfo>
</gmd:MD_Metadata>